name	rc	elapsed_seconds	timed_out	result_subtype	stdout_lines	stderr_bytes	code_progress_count	read_progress_count	bash_progress_count	web_progress_count	result_count	abrupt_stop
complex-3	0	52	0	success	53	0	8	11	8	25	1	0
complex-4	0	68	0	success	53	0	2	10	5	17	1	0
simple-3	0	53	0	success	24	0	5	6	5	11	1	0
search-3	0	120	0	success	8	0	0	0	0	1	1	0
resume-2-turn-1	0	26	0	success	23	0	3	4	2	7	1	0
resume-2-turn-2	0	15	0	success	10	0	1	0	0	2	1	0
resume-2-turn-3	0	19	0	success	12	0	0	1	2	6	1	0
resume-2-turn-4	0	14	0	success	4	0	0	0	0	1	1	0
resume-2-turn-5	0	7	0	success	4	0	0	0	0	1	1	0
